Experiment,Session,Market,Period,LastPrice,Fundamental,VWAP_Buy,VWAP_Sell,VWAP_Overall,CloseDrift,CloseDrift_Pct,TotalVolume,Candidates_Sell,Candidates_Buy,Candidate_SubjectIDs_Sell,Candidate_SubjectIDs_Buy
Choice A,1,1.0,1,388.08,360,388.08,388.08,388.08,0.0,0.0,2,1,1,[np.int64(2)],[np.int64(2)]
Choice A,1,1.0,2,441.3,336,441.3,441.3,441.3,0.0,0.0,2,1,1,[np.int64(11)],[np.int64(11)]
Choice A,1,1.0,3,462.07,312,466.71400000000006,466.713,466.7135,-4.643500000000017,-0.9949358653649438,20,1,0,[np.int64(9)],[]
Choice A,1,1.0,4,553.69,288,544.8491666666667,544.85,544.8495833333333,8.840416666666783,1.62254261306066,24,1,0,[np.int64(3)],[]
Choice A,1,1.0,5,681.0500000000001,264,681.0500000000001,681.0500000000001,681.0500000000001,0.0,0.0,2,1,1,[np.int64(11)],[np.int64(11)]
Choice A,1,1.0,6,564.54,240,559.045,559.043,559.0440000000001,5.495999999999867,0.9831068753085386,20,1,0,[np.int64(3)],[]
Choice A,1,1.0,7,430.21,216,428.696875,428.69625,428.6965625,1.5134374999999523,0.3530323385786309,32,1,0,[np.int64(1)],[]
Choice A,1,1.0,8,508.32,192,502.6475,502.64375,502.645625,5.674374999999998,1.1289016988857703,16,1,0,[np.int64(5)],[]
Choice A,1,1.0,9,341.52,168,348.8833333333333,348.8826666666667,348.88300000000004,-7.363000000000056,-2.110449634977931,30,1,0,[np.int64(9)],[]
Choice A,1,1.0,10,282.31,144,278.7685714285714,278.76714285714286,278.76785714285717,3.542142857142835,1.2706424956761178,14,1,0,[np.int64(3)],[]
Choice A,1,1.0,11,182.36,120,185.8378260869565,185.83695652173913,185.83739130434785,-3.477391304347833,-1.8712010967980457,46,0,0,[],[]
Choice A,1,1.0,12,227.79,96,229.49,229.49333333333334,229.49166666666667,-1.7016666666666822,-0.7414938814045603,24,0,0,[],[]
Choice A,1,1.0,13,30.48,72,30.48,30.48,30.48,0.0,0.0,2,1,1,[np.int64(6)],[np.int64(6)]
Choice A,1,1.0,14,33.86,48,40.745000000000005,40.74250000000001,40.743750000000006,-6.883750000000006,-16.8952293296518,8,1,1,[np.int64(2)],[np.int64(4)]
Choice A,1,1.0,15,19.91,24,27.337857142857143,27.339285714285715,27.33857142857143,-7.428571428571431,-27.17249307623975,28,0,0,[],[]
Choice A,1,2.0,1,383.07,360,383.07,383.07,383.07,0.0,0.0,2,1,1,[np.int64(3)],[np.int64(3)]
Choice A,1,2.0,2,394.01,336,394.01,394.01,394.01,0.0,0.0,2,1,1,[np.int64(12)],[np.int64(12)]
Choice A,1,2.0,3,397.37,312,404.21333333333337,404.215,404.21416666666664,-6.844166666666638,-1.6932030668560532,24,1,0,[np.int64(2)],[]
Choice A,1,2.0,4,427.71,288,423.48,423.4808333333333,423.4804166666666,4.22958333333338,0.998767160622354,24,1,0,[np.int64(8)],[]
Choice A,1,2.0,5,494.42,264,488.47749999999996,488.475,488.47625,5.943750000000023,1.2167940611237544,8,1,0,[np.int64(9)],[]
Choice A,1,2.0,6,369.52,240,369.22857142857146,369.23,369.22928571428577,0.2907142857142162,0.0787354353953317,28,1,0,[np.int64(2)],[]
Choice A,1,2.0,7,371.2,216,373.276,373.274,373.275,-2.0749999999999886,-0.5558904293081478,10,1,0,[np.int64(3)],[]
Choice A,1,2.0,8,251.29,192,257.72285714285715,257.7257142857143,257.7242857142857,-6.434285714285721,-2.496577183812161,14,1,0,[np.int64(2)],[]
Choice A,1,2.0,9,274.83,168,275.3,275.29699999999997,275.2985,-0.4685000000000059,-0.17017891488693399,20,1,0,[np.int64(6)],[]
Choice A,1,2.0,10,310.08,144,311.7009090909091,311.7013636363636,311.70113636363635,-1.6211363636363672,-0.5200931836658815,44,1,1,[np.int64(6)],[np.int64(4)]
Choice A,1,2.0,11,177.65,120,182.21173913043478,182.2113043478261,182.21152173913043,-4.561521739130427,-2.5034211314370616,46,0,0,[],[]
Choice A,1,2.0,12,109.78,96,117.39080000000001,117.39160000000001,117.39120000000003,-7.611200000000025,-6.483620578033126,50,1,0,[np.int64(10)],[]
Choice A,1,2.0,13,50.45,72,50.883333333333326,50.885,50.88416666666666,-0.4341666666666555,-0.8532451155401757,12,0,1,[],[np.int64(2)]
Choice A,1,2.0,14,43.37,48,46.29600000000001,46.29600000000001,46.29600000000001,-2.926000000000009,-6.320200449282893,10,0,1,[],[np.int64(6)]
Choice A,1,2.0,15,10.85,24,6.423333333333333,6.421666666666667,6.422499999999999,4.4275,68.93732970027249,36,0,1,[],[np.int64(12)]
Choice A,1,3.0,1,378.52,360,379.26000000000005,379.26000000000005,379.26000000000005,-0.7400000000000659,-0.19511680641250484,10,1,1,[np.int64(3)],[np.int64(4)]
Choice A,1,3.0,2,357.38,336,359.705,362.03,360.48,-3.1000000000000227,-0.8599644917887324,3,0,1,[],[np.int64(1)]
Choice A,1,3.0,3,346.14,312,346.90299999999996,346.90099999999995,346.90199999999993,-0.7619999999999436,-0.2196585779268911,20,1,0,[np.int64(4)],[]
Choice A,1,3.0,4,331.54,288,343.21000000000004,343.21125,343.21062500000005,-11.67062500000003,-3.400426487379296,16,1,0,[np.int64(6)],[]
Choice A,1,3.0,5,365.09,264,365.42555555555555,365.4266666666666,365.42611111111114,-0.33611111111116543,-0.09197785842100588,18,1,1,[np.int64(6)],[np.int64(9)]
Choice A,1,3.0,6,382.95,240,372.3561538461538,372.3561538461538,372.3561538461538,10.593846153846187,2.845084214244849,26,1,1,[np.int64(11)],[np.int64(4)]
Choice A,1,3.0,7,367.89,216,357.934,357.934,357.934,9.95599999999996,2.7815183804835417,10,1,0,[np.int64(5)],[]
Choice A,1,3.0,8,198.84,192,211.03,211.03,211.03,-12.189999999999998,-5.7764298914846215,12,1,0,[np.int64(9)],[]
Choice A,1,3.0,9,226.0,168,221.00384615384615,221.00423076923076,221.00403846153844,4.995961538461557,2.260574771954228,52,0,0,[],[]
Choice A,1,3.0,10,246.7,144,243.88333333333335,243.88000000000005,243.88166666666672,2.818333333333271,1.1556150865515122,42,0,0,[],[]
Choice A,1,3.0,11,138.53,120,136.17499999999998,136.17357142857142,136.17428571428573,2.3557142857142708,1.7299259352510328,28,0,0,[],[]
Choice A,1,3.0,12,126.58,96,124.76846153846154,124.76923076923077,124.76884615384614,1.8111538461538572,1.4516074340549845,26,0,1,[],[np.int64(6)]
Choice A,1,3.0,13,45.72,72,43.78124999999999,43.785,43.783125,1.9368750000000006,4.4237934135583075,16,0,1,[],[np.int64(3)]
Choice A,1,3.0,14,41.26,48,40.30111111111111,40.3,40.30055555555556,0.9594444444444363,2.380722625825375,18,1,1,[np.int64(12)],[np.int64(4)]
Choice A,1,3.0,15,20.06,24,19.546,19.544,19.544999999999998,0.5150000000000006,2.6349449987209037,10,0,1,[],[np.int64(9)]
Choice A,1,4.0,1,369.82,360,369.82,369.82,369.82,0.0,0.0,2,1,1,[np.int64(4)],[np.int64(4)]
Choice A,1,4.0,2,355.77,336,355.77,355.77,355.77,0.0,0.0,2,1,1,[np.int64(3)],[np.int64(3)]
Choice A,1,4.0,3,341.28000000000003,312,341.28000000000003,341.28000000000003,341.28000000000003,0.0,0.0,2,1,1,[np.int64(5)],[np.int64(5)]
Choice A,1,4.0,4,331.42,288,324.608,324.60800000000006,324.608,6.812000000000012,2.098531151419562,20,1,0,[np.int64(10)],[]
Choice A,1,4.0,5,328.53000000000003,264,333.9642857142857,333.96714285714285,333.96571428571434,-5.435714285714312,-1.627626445828493,14,1,0,[np.int64(12)],[]
Choice A,1,4.0,6,316.35,240,323.88,323.882,323.88100000000003,-7.531000000000006,-2.325236738184705,10,1,0,[np.int64(10)],[]
Choice A,1,4.0,7,199.69,216,200.5725,200.57375,200.573125,-0.8831250000000068,-0.4403007631256714,16,0,1,[],[np.int64(10)]
Choice A,1,4.0,8,199.19,192,196.80363636363634,196.80454545454543,196.8040909090909,2.3859090909091094,1.2123269795297218,22,0,0,[],[]
Choice A,1,4.0,9,196.37,168,200.87,200.87166666666667,200.8708333333333,-4.500833333333304,-2.240660457590892,12,1,0,[np.int64(12)],[]
Choice A,1,4.0,10,192.56,144,195.33181818181814,195.32999999999996,195.33090909090905,-2.7709090909090435,-1.4185717477101556,22,0,0,[],[]
Choice A,1,4.0,11,107.31,120,111.95916666666666,111.96,111.95958333333333,-4.649583333333325,-4.152912323271411,24,0,0,[],[]
Choice A,1,4.0,12,102.59,96,107.74,107.74125000000001,107.740625,-5.150624999999991,-4.780578356585542,16,0,0,[],[]
Choice A,1,4.0,13,77.28,72,71.3425,71.3425,71.3425,5.9375,8.32252864701966,16,0,1,[],[np.int64(10)]
Choice A,1,4.0,14,37.06,48,25.764,25.762,25.762999999999998,11.297000000000004,43.849706944067094,10,0,1,[],[np.int64(5)]
Choice A,1,4.0,15,34.95,24,22.28,22.28,22.28,12.670000000000002,56.867145421903054,24,0,0,[],[]
Choice A,1,5.0,1,372.83,360,368.94,368.94,368.94,3.8899999999999864,1.054371984604539,8,1,1,[np.int64(10)],[np.int64(8)]
Choice A,1,5.0,2,339.74,336,342.35999999999996,342.3616666666666,342.36083333333335,-2.620833333333337,-0.765517862489139,12,1,0,[np.int64(8)],[]
Choice A,1,5.0,3,306.62,312,306.62,306.62,306.62,0.0,0.0,2,1,1,[np.int64(9)],[np.int64(9)]
Choice A,1,5.0,4,307.45,288,312.2425,312.2425,312.2425,-4.792500000000018,-1.5348647285363197,8,1,0,[np.int64(11)],[]
Choice A,1,5.0,5,296.71,264,304.5883333333333,304.58750000000003,304.5879166666667,-7.877916666666692,-2.5864179882382157,24,1,0,[np.int64(1)],[]
Choice A,1,5.0,6,276.35,240,279.8377777777778,279.8377777777778,279.8377777777778,-3.487777777777751,-1.2463570163666156,18,1,1,[np.int64(4)],[np.int64(2)]
Choice A,1,5.0,7,249.69,216,244.25266666666667,244.25666666666666,244.25466666666665,5.435333333333347,2.225273075642368,30,0,0,[],[]
Choice A,1,5.0,8,228.94,192,226.9433333333333,226.94666666666663,226.94499999999996,1.995000000000033,0.879067615501568,6,1,0,[np.int64(12)],[]
Choice A,1,5.0,9,215.75,168,213.33454545454543,213.33545454545455,213.335,2.414999999999992,1.1320224060749486,22,1,0,[np.int64(6)],[]
Choice A,1,5.0,10,204.59,144,196.24599999999998,196.2465,196.24624999999997,8.343750000000028,4.251673598858592,40,0,0,[],[]
Choice A,1,5.0,11,151.70000000000002,120,154.3777777777778,154.3788888888889,154.37833333333336,-2.6783333333333417,-1.7349153054724915,18,1,0,[np.int64(8)],[]
Choice A,1,5.0,12,74.89,96,69.74615384615387,69.74538461538462,69.74576923076924,5.144230769230759,7.375688627377438,26,0,0,[],[]
Choice A,1,5.0,13,73.23,72,72.56166666666667,72.56166666666667,72.56166666666667,0.6683333333333366,0.9210556538117047,12,1,1,[np.int64(4)],[np.int64(9)]
Choice A,1,5.0,14,30.64,48,25.51,25.513333333333335,25.511666666666667,5.128333333333334,20.101914156921673,12,0,1,[],[np.int64(6)]
Choice A,1,5.0,15,22.63,24,25.008000000000003,25.009999999999998,25.009,-2.3790000000000013,-9.512575472829786,10,1,1,[np.int64(1)],[np.int64(2)]
Choice A,2,1.0,1,391.39,360,391.39,391.39,391.39,0.0,0.0,2,1,1,[np.int64(3)],[np.int64(3)]
Choice A,2,1.0,2,435.76,336,435.76,435.76,435.76,0.0,0.0,2,1,1,[np.int64(1)],[np.int64(1)]
Choice A,2,1.0,3,457.26,312,457.26,457.26,457.26,0.0,0.0,2,1,1,[np.int64(12)],[np.int64(12)]
Choice A,2,1.0,4,533.84,288,533.84,533.84,533.84,0.0,0.0,2,1,1,[np.int64(12)],[np.int64(12)]
Choice A,2,1.0,5,,264,0.0,0.0,0.0,0.0,0.0,0,0,0,[],[]
Choice A,2,1.0,6,531.25,240,531.25,531.25,531.25,0.0,0.0,2,1,1,[np.int64(5)],[np.int64(5)]
Choice A,2,1.0,7,425.32,216,425.32,425.32,425.32,0.0,0.0,2,1,1,[np.int64(12)],[np.int64(12)]
Choice A,2,1.0,8,279.7,192,279.37600000000003,279.37300000000005,279.3745,0.3254999999999768,0.11651027563359462,20,1,0,[np.int64(3)],[]
Choice A,2,1.0,9,359.23,168,359.23,359.23,359.23,0.0,0.0,2,1,1,[np.int64(6)],[np.int64(1)]
Choice A,2,1.0,10,297.12,144,291.3383333333333,291.34,291.33916666666664,5.780833333333362,1.984228004588019,12,1,0,[np.int64(1)],[]
Choice A,2,1.0,11,357.02,120,348.6983333333333,348.695,348.6966666666667,8.323333333333267,2.38698391151811,12,1,1,[np.int64(10)],[np.int64(9)]
Choice A,2,1.0,12,213.96,96,209.69454545454548,209.69272727272727,209.6936363636364,4.2663636363636215,2.0345699136835917,22,1,0,[np.int64(10)],[]
Choice A,2,1.0,13,64.51,72,57.47,57.467499999999994,57.46875,7.041250000000005,12.252311038607948,8,0,1,[],[np.int64(3)]
Choice A,2,1.0,14,62.07,48,62.276153846153846,62.27692307692309,62.276538461538465,-0.20653846153846445,-0.33164730513405316,26,0,0,[],[]
Choice A,2,1.0,15,29.99,24,20.931875000000005,20.93,20.930937500000002,9.059062499999996,43.2807297809761,32,0,1,[],[np.int64(12)]
Choice A,2,2.0,1,393.12,360,393.12,393.12,393.12,0.0,0.0,2,1,1,[np.int64(10)],[np.int64(10)]
Choice A,2,2.0,2,401.71,336,401.71,401.71,401.71,0.0,0.0,2,1,1,[np.int64(7)],[np.int64(7)]
Choice A,2,2.0,3,433.87,312,433.87,433.87,433.87,0.0,0.0,2,1,1,[np.int64(7)],[np.int64(7)]
Choice A,2,2.0,4,460.1,288,460.1,460.1,460.1,0.0,0.0,2,1,1,[np.int64(1)],[np.int64(1)]
Choice A,2,2.0,5,381.94,264,377.555,377.555,377.555,4.384999999999991,1.1614201904358281,16,1,0,[np.int64(5)],[]
Choice A,2,2.0,6,421.04,240,419.94,419.94,419.94,1.1000000000000227,0.26194218221651255,4,1,0,[np.int64(8)],[]
Choice A,2,2.0,7,441.72,216,444.4082352941176,444.40882352941173,444.4085294117647,-2.688529411764648,-0.6049680043997543,34,1,0,[np.int64(7)],[]
Choice A,2,2.0,8,276.56,192,270.4907692307692,270.4861538461539,270.4884615384616,6.07153846153841,2.2446571018243153,26,1,0,[np.int64(11)],[]
Choice A,2,2.0,9,293.49,168,298.4822222222222,298.47888888888895,298.4805555555556,-4.990555555555602,-1.6719868221455114,18,1,0,[np.int64(5)],[]
Choice A,2,2.0,10,358.97,144,359.87800000000004,359.87760000000003,359.8778,-0.907799999999952,-0.2522522923058749,50,0,0,[],[]
Choice A,2,2.0,11,196.3,120,181.6585714285714,181.66071428571428,181.65964285714284,14.64035714285717,8.059223783881569,56,0,0,[],[]
Choice A,2,2.0,12,198.41,96,191.7927272727273,191.79181818181817,191.79227272727275,6.617727272727251,3.450466058211642,44,1,0,[np.int64(11)],[]
Choice A,2,2.0,13,9.25,72,10.686363636363636,10.682272727272727,10.684318181818183,-1.434318181818183,-13.424517666078161,44,0,0,[],[]
Choice A,2,2.0,14,55.27,48,45.07769230769231,45.08076923076923,45.07923076923077,10.190769230769234,22.606351210688878,26,0,1,[],[np.int64(7)]
Choice A,2,2.0,15,18.13,24,17.077142857142857,17.080000000000002,17.07857142857143,1.0514285714285698,6.15641990798828,14,0,1,[],[np.int64(2)]
Choice A,2,3.0,1,378.25,360,378.08500000000004,378.08500000000004,378.08500000000004,0.16499999999996362,0.043640980202854805,4,1,1,[np.int64(12)],[np.int64(6)]
Choice A,2,3.0,2,380.5,336,3.0500000000000114,380.5,191.775,188.725,98.40959457697822,2,1,1,[np.int64(6)],[np.int64(10)]
Choice A,2,3.0,3,360.51,312,360.48,360.48,360.48,0.029999999999972715,0.008322237017302683,4,1,1,[np.int64(11)],[np.int64(12)]
Choice A,2,3.0,4,360.29,288,364.07076923076926,364.07230769230773,364.07153846153847,-3.781538461538446,-1.038680056540025,26,1,0,[np.int64(7)],[]
Choice A,2,3.0,5,382.27,264,382.27,382.27,382.27,0.0,0.0,2,1,1,[np.int64(11)],[np.int64(10)]
Choice A,2,3.0,6,400.86,240,389.5984615384615,389.5976923076922,389.5980769230769,11.261923076923097,2.8906516084130147,26,0,0,[],[]
Choice A,2,3.0,7,221.75,216,221.996,221.998,221.997,-0.2470000000000141,-0.11126276481214345,20,1,0,[np.int64(3)],[]
Choice A,2,3.0,8,212.82,192,212.105,212.105,212.105,0.7150000000000034,0.33709719242828007,4,1,1,[np.int64(7)],[np.int64(6)]
Choice A,2,3.0,9,242.22,168,233.55666666666664,233.55666666666664,233.55666666666664,8.663333333333355,3.7093068063425108,12,1,0,[np.int64(6)],[]
Choice A,2,3.0,10,265.86,144,259.31437500000004,259.315625,259.31500000000005,6.544999999999959,2.523957349169912,32,1,0,[np.int64(1)],[]
Choice A,2,3.0,11,129.28,120,131.84875,131.84875,131.84875,-2.5687499999999943,-1.9482551029114756,16,1,0,[np.int64(4)],[]
Choice A,2,3.0,12,94.86,96,91.7525,91.75125,91.751875,3.108125000000001,3.3875329523238635,16,0,1,[],[np.int64(11)]
Choice A,2,3.0,13,66.57000000000001,72,74.3677777777778,74.36555555555556,74.36666666666669,-7.796666666666681,-10.484087852980743,18,0,1,[],[np.int64(7)]
Choice A,2,3.0,14,39.26,48,32.90875,32.91,32.909375,6.350625000000001,19.29731269585035,16,0,1,[],[np.int64(10)]
Choice A,2,3.0,15,27.53,24,22.24333333333333,22.243333333333336,22.24333333333333,5.286666666666672,23.76742095009744,12,0,1,[],[np.int64(8)]
Choice A,2,4.0,1,378.27,360,369.7033333333333,369.7033333333333,369.7033333333333,8.566666666666663,2.3171732289854017,6,1,1,[np.int64(6)],[np.int64(2)]
Choice A,2,4.0,2,364.85,336,359.79,359.78999999999996,359.78999999999996,5.060000000000059,1.4063759415214596,8,2,2,"[np.int64(11), np.int64(12)]","[np.int64(5), np.int64(10)]"
Choice A,2,4.0,3,326.87,312,330.4425,330.44,330.44124999999997,-3.5712499999999636,-1.08075187344194,8,1,0,[np.int64(12)],[]
Choice A,2,4.0,4,334.32,288,326.73142857142864,326.7314285714286,326.7314285714286,7.588571428571413,2.3225716184546457,28,0,0,[],[]
Choice A,2,4.0,5,334.15000000000003,264,330.7425,330.74249999999995,330.74249999999995,3.407500000000084,1.0302576778007315,16,1,0,[np.int64(7)],[]
Choice A,2,4.0,6,321.8,240,320.78875,320.78875,320.78875,1.0112500000000182,0.31523861107972717,16,1,0,[np.int64(7)],[]
Choice A,2,4.0,7,286.04,216,292.6272727272727,292.62727272727267,292.62727272727267,-6.587272727272648,-2.251079561340804,22,1,0,[np.int64(8)],[]
Choice A,2,4.0,8,254.67,192,261.6147368421053,261.61578947368423,261.6152631578948,-6.9452631578948,-2.6547622161108655,38,0,0,[],[]
Choice A,2,4.0,9,251.94,168,249.5906666666667,249.58933333333334,249.59000000000003,2.349999999999966,0.9415441323770847,60,0,0,[],[]
Choice A,2,4.0,10,235.25,144,241.10103448275862,241.09931034482761,241.10017241379313,-5.850172413793132,-2.4264488719454973,58,0,0,[],[]
Choice A,2,4.0,11,100.34,120,96.625,96.625,96.625,3.7150000000000034,3.844760672703755,8,0,1,[],[np.int64(12)]
Choice A,2,4.0,12,100.53,96,95.58285714285714,95.5842857142857,95.58357142857142,4.946428571428584,5.174977768146063,14,1,0,[np.int64(9)],[]
Choice A,2,4.0,13,68.01,72,69.21818181818182,62.958181818181814,66.08818181818182,1.9218181818181819,2.9079604385325393,22,0,0,[],[]
Choice A,2,4.0,14,43.62,48,48.199999999999996,48.199999999999996,48.199999999999996,-4.579999999999998,-9.502074688796677,12,1,1,[np.int64(1)],[np.int64(11)]
Choice A,2,4.0,15,1.0,24,5.330909090909091,5.330909090909092,5.330909090909091,-4.330909090909091,-81.24147339699863,22,1,6,[np.int64(4)],"[np.int64(1), np.int64(2), np.int64(3), np.int64(5), np.int64(8), np.int64(11)]"
Choice A,2,5.0,1,370.51,360,371.81000000000006,371.81000000000006,371.81000000000006,-1.3000000000000682,-0.34964094564429893,8,1,1,[np.int64(9)],[np.int64(2)]
Choice A,2,5.0,2,358.97,336,353.515,353.51750000000004,353.51625,5.453750000000014,1.542715504591377,8,1,1,[np.int64(7)],[np.int64(2)]
Choice A,2,5.0,3,322.58,312,321.86000000000007,321.8616666666667,321.86083333333335,0.7191666666666379,0.22344025497561454,12,0,0,[],[]
Choice A,2,5.0,4,318.40000000000003,288,320.71125,320.71000000000004,320.71062500000005,-2.310625000000016,-0.7204703617162717,16,1,0,[np.int64(3)],[]
Choice A,2,5.0,5,318.82,264,316.33600000000007,316.336,316.33600000000007,2.4839999999999236,0.7852410095594314,10,1,0,[np.int64(7)],[]
Choice A,2,5.0,6,295.34000000000003,240,287.89666666666665,287.8955555555556,287.8961111111111,7.443888888888921,2.5856163392273173,18,1,0,[np.int64(6)],[]
Choice A,2,5.0,7,189.87,216,188.45285714285714,188.45428571428573,188.45357142857145,1.416428571428554,0.7516061174597667,14,0,1,[],[np.int64(12)]
Choice A,2,5.0,8,192.55,192,193.3042857142857,193.30285714285716,193.30357142857142,-0.753571428571405,-0.3898383371824359,14,1,1,[np.int64(11)],[np.int64(10)]
Choice A,2,5.0,9,186.57,168,184.17000000000002,184.17142857142858,184.1707142857143,2.3992857142856963,1.302750941478975,14,1,0,[np.int64(3)],[]
Choice A,2,5.0,10,168.3,144,169.202,169.2,169.201,-0.900999999999982,-0.5325027629860237,10,1,0,[np.int64(3)],[]
Choice A,2,5.0,11,105.43,120,95.20833333333333,95.20833333333333,95.20833333333333,10.221666666666678,10.736105032822769,24,0,1,[],[np.int64(12)]
Choice A,2,5.0,12,103.09,96,99.1975,99.19875,99.198125,3.891874999999999,3.923335244491767,16,0,0,[],[]
Choice A,2,5.0,13,64.62,72,64.8375,64.8375,64.8375,-0.21750000000000114,-0.3354540196645477,8,1,1,[np.int64(3)],[np.int64(11)]
Choice A,2,5.0,14,29.45,48,23.916666666666668,23.916666666666668,23.916666666666668,5.533333333333331,23.13588850174215,6,1,1,[np.int64(12)],[np.int64(7)]
Choice A,2,5.0,15,26.43,24,23.078571428571426,23.075714285714287,23.077142857142857,3.352857142857143,14.528909248483348,14,0,1,[],[np.int64(5)]
Choice A,3,1.0,1,383.66,360,383.66,383.66,383.66,0.0,0.0,2,1,1,[np.int64(1)],[np.int64(1)]
Choice A,3,1.0,2,429.43,336,429.43,429.43,429.43,0.0,0.0,2,1,1,[np.int64(7)],[np.int64(7)]
Choice A,3,1.0,3,466.15,312,466.15,466.15,466.15,0.0,0.0,2,1,1,[np.int64(2)],[np.int64(2)]
Choice A,3,1.0,4,535.72,288,535.72,535.72,535.72,0.0,0.0,2,1,1,[np.int64(12)],[np.int64(12)]
Choice A,3,1.0,5,678.1,264,678.1,678.1,678.1,0.0,0.0,2,1,1,[np.int64(8)],[np.int64(8)]
Choice A,3,1.0,6,527.8,240,527.8,527.8,527.8,0.0,0.0,2,1,1,[np.int64(1)],[np.int64(1)]
Choice A,3,1.0,7,391.87,216,390.0,389.99916666666655,389.99958333333325,1.870416666666756,0.47959452948135795,24,1,0,[np.int64(10)],[]
Choice A,3,1.0,8,289.89,192,289.89,289.89,289.89,0.0,0.0,2,1,1,[np.int64(9)],[np.int64(9)]
Choice A,3,1.0,9,355.6,168,355.95,355.95199999999994,355.95099999999996,-0.35099999999994225,-0.09860907821580563,10,1,0,[np.int64(4)],[]
Choice A,3,1.0,10,267.53000000000003,144,274.03499999999997,274.0355,274.03525,-6.5052499999999895,-2.373873434165856,40,0,0,[],[]
Choice A,3,1.0,11,196.9,120,190.43921052631578,190.44078947368425,190.44,6.460000000000008,3.392144507456421,76,0,0,[],[]
Choice A,3,1.0,12,153.31,96,153.19750000000002,153.1975,153.1975,0.11250000000001137,0.07343461871114827,48,0,0,[],[]
Choice A,3,1.0,13,120.86,72,120.27499999999999,120.27666666666664,120.27583333333332,0.5841666666666754,0.4856891450901127,24,0,0,[],[]
Choice A,3,1.0,14,48.76,48,41.59666666666667,41.596666666666664,41.59666666666667,7.163333333333327,17.220931164356102,24,0,0,[],[]
Choice A,3,1.0,15,35.19,24,27.835625,27.833124999999995,27.834374999999998,7.355625,26.426406197372852,32,0,0,[],[]
Choice A,3,2.0,1,392.8,360,392.8,392.8,392.8,0.0,0.0,2,1,1,[np.int64(12)],[np.int64(12)]
Choice A,3,2.0,2,394.86,336,402.4,402.40125,402.400625,-7.540624999999977,-1.8739098628388007,16,1,0,[np.int64(6)],[]
Choice A,3,2.0,3,410.31,312,421.28749999999997,421.2875,421.2875,-10.97750000000002,-2.605702756431183,8,1,0,[np.int64(11)],[]
Choice A,3,2.0,4,450.91,288,452.77,452.765,452.7675,-1.857499999999959,-0.4102547113032537,4,1,0,[np.int64(6)],[]
Choice A,3,2.0,5,518.71,264,524.92,524.9200000000001,524.9200000000001,-6.210000000000036,-1.183037415225184,4,1,0,[np.int64(7)],[]
Choice A,3,2.0,6,369.27,240,368.90500000000003,368.90500000000003,368.90500000000003,0.36499999999995225,0.0989414618939706,28,1,0,[np.int64(8)],[]
Choice A,3,2.0,7,395.11,216,390.373,390.372,390.37250000000006,4.7374999999999545,1.2135844609955757,20,1,1,[np.int64(12)],[np.int64(12)]
Choice A,3,2.0,8,428.87,192,419.85434782608695,419.855652173913,419.85499999999996,9.015000000000043,2.1471698562599095,46,0,0,[],[]
Choice A,3,2.0,9,266.63,168,272.4676470588235,272.46705882352944,272.46735294117644,-5.837352941176448,-2.1424045406411265,34,0,0,[],[]
Choice A,3,2.0,10,315.34000000000003,144,319.90882352941173,319.9094117647059,319.9091176470588,-4.569117647058761,-1.4282548995992232,34,0,0,[],[]
Choice A,3,2.0,11,162.70000000000002,120,163.9528571428571,163.95071428571427,163.9517857142857,-1.2517857142856883,-0.7635084356245689,28,0,0,[],[]
Choice A,3,2.0,12,111.66,96,112.97,112.9675,112.96875,-1.3087500000000034,-1.158506224066393,8,1,0,[np.int64(10)],[]
Choice A,3,2.0,13,48.11,72,52.155,52.155,52.155,-4.045000000000002,-7.755728118109484,4,1,1,[np.int64(9)],[np.int64(12)]
Choice A,3,2.0,14,44.83,48,38.0,37.99666666666667,37.998333333333335,6.8316666666666634,17.97885872187376,6,0,1,[],[np.int64(12)]
Choice A,3,2.0,15,9.74,24,9.74,9.74,9.74,0.0,0.0,2,1,1,[np.int64(12)],[np.int64(12)]
Choice A,3,3.0,1,390.58,360,390.58,390.58,390.58,0.0,0.0,2,1,1,[np.int64(6)],[np.int64(6)]
Choice A,3,3.0,2,389.72,336,389.72,389.72,389.72,0.0,0.0,2,1,1,[np.int64(12)],[np.int64(12)]
Choice A,3,3.0,3,353.73,312,353.73,353.73,353.73,0.0,0.0,2,1,1,[np.int64(11)],[np.int64(11)]
Choice A,3,3.0,4,355.51,288,355.51,355.51,355.51,0.0,0.0,2,1,1,[np.int64(7)],[np.int64(7)]
Choice A,3,3.0,5,369.8,264,361.585,361.585,361.585,8.215000000000032,2.271941590497402,16,1,0,[np.int64(4)],[]
Choice A,3,3.0,6,374.18,240,379.93,379.9316666666667,379.93083333333334,-5.750833333333333,-1.5136527043299546,12,1,0,[np.int64(6)],[]
Choice A,3,3.0,7,229.18,216,234.99866666666665,234.99799999999996,234.9983333333333,-5.8183333333333,-2.4759040844261166,30,1,0,[np.int64(11)],[]
Choice A,3,3.0,8,224.79,192,226.02521739130435,226.02521739130438,226.02521739130435,-1.23521739130436,-0.5464953891254973,46,0,0,[],[]
Choice A,3,3.0,9,233.96,168,230.77882352941177,230.7811764705882,230.78,3.180000000000007,1.377935696334174,34,0,0,[],[]
Choice A,3,3.0,10,233.53,144,235.43380952380954,235.43714285714287,235.4354761904762,-1.9054761904762074,-0.8093411499865063,42,0,0,[],[]
Choice A,3,3.0,11,220.24,120,216.13666666666668,216.13466666666667,216.13566666666665,4.104333333333358,1.898961608989427,30,0,0,[],[]
Choice A,3,3.0,12,106.74,96,104.58666666666666,104.585,104.58583333333333,2.1541666666666686,2.0597117200385666,12,1,0,[np.int64(12)],[]
Choice A,3,3.0,13,88.45,72,81.90400000000001,81.90200000000002,81.903,6.546999999999997,7.993602187954039,10,1,0,[np.int64(2)],[]
Choice A,3,3.0,14,52.05,48,51.57399999999999,51.574,51.574,0.4759999999999991,0.9229456702989861,20,1,0,[np.int64(11)],[]
Choice A,3,3.0,15,4.57,24,2.290833333333333,2.29,2.2904166666666668,2.2795833333333335,99.52701473531017,24,0,1,[],[np.int64(7)]
Choice A,3,4.0,1,368.26,360,368.345,368.345,368.345,-0.08500000000003638,-0.02307619215681939,4,1,1,[np.int64(3)],[np.int64(1)]
Choice A,3,4.0,2,349.94,336,349.94,349.94,349.94,0.0,0.0,2,1,1,[np.int64(6)],[np.int64(6)]
Choice A,3,4.0,3,343.09000000000003,312,339.7233333333333,339.7211111111111,339.72222222222223,3.3677777777778033,0.991332788225682,18,1,0,[np.int64(3)],[]
Choice A,3,4.0,4,325.67,288,335.84777777777776,335.84888888888895,335.84833333333336,-10.178333333333342,-3.0306338674699416,18,1,0,[np.int64(1)],[]
Choice A,3,4.0,5,340.24,264,343.515,343.51142857142855,343.51321428571424,-3.273214285714232,-0.9528641547372217,28,0,0,[],[]
Choice A,3,4.0,6,329.15000000000003,240,328.2066666666667,328.2066666666667,328.2066666666667,0.943333333333328,0.2874205277162747,6,1,0,[np.int64(10)],[]
Choice A,3,4.0,7,291.62,216,293.9554545454546,293.9563636363636,293.9559090909091,-2.3359090909090696,-0.7946460740092367,22,1,0,[np.int64(6)],[]
Choice A,3,4.0,8,258.41,192,267.3516666666667,267.3488888888889,267.3502777777778,-8.940277777777794,-3.3440316023194763,36,0,0,[],[]
Choice A,3,4.0,9,274.24,168,265.99071428571426,265.98785714285714,265.9892857142857,8.25071428571431,3.1018972300173298,28,1,0,[np.int64(10)],[]
Choice A,3,4.0,10,154.25,144,147.1390909090909,147.1390909090909,147.1390909090909,7.110909090909104,4.832780362427644,22,0,0,[],[]
Choice A,3,4.0,11,139.48,120,136.69411764705885,136.69764705882355,136.69588235294117,2.784117647058821,2.0367238567365065,34,1,0,[np.int64(11)],[]
Choice A,3,4.0,12,121.28,96,124.42999999999999,124.42999999999999,124.42999999999999,-3.1499999999999915,-2.531543839909983,14,1,0,[np.int64(7)],[]
Choice A,3,4.0,13,30.04,72,35.30555555555556,35.306666666666665,35.30611111111111,-5.266111111111108,-14.915579613224017,18,0,1,[],[np.int64(1)]
Choice A,3,4.0,14,31.75,48,41.8325,41.83,41.83125,-10.081249999999997,-24.09980576721948,8,0,1,[],[np.int64(4)]
Choice A,3,4.0,15,1.0,24,2.9633333333333334,2.9633333333333334,2.9633333333333334,-1.9633333333333334,-66.25421822272216,24,0,6,[],"[np.int64(2), np.int64(4), np.int64(6), np.int64(7), np.int64(8), np.int64(11)]"
Choice A,3,5.0,1,374.66,360,373.21333333333337,373.21333333333337,373.21333333333337,1.4466666666666583,0.3876245936193754,6,1,1,[np.int64(9)],[np.int64(10)]
Choice A,3,5.0,2,342.19,336,346.97,346.97,346.97,-4.78000000000003,-1.3776407182177217,4,1,1,[np.int64(7)],[np.int64(8)]
Choice A,3,5.0,3,315.8,312,314.04,314.04,314.04,1.759999999999991,0.5604381607438513,4,1,0,[np.int64(7)],[]
Choice A,3,5.0,4,301.45,288,302.22285714285715,302.22285714285715,302.22285714285715,-0.7728571428571627,-0.255724252680148,14,1,0,[np.int64(10)],[]
Choice A,3,5.0,5,299.52,264,298.52,298.52,298.52,1.0,0.3349859305909152,4,1,0,[np.int64(12)],[]
Choice A,3,5.0,6,283.05,240,277.5344444444445,277.53666666666663,277.53555555555556,5.51444444444445,1.9869326052317642,18,1,0,[np.int64(4)],[]
Choice A,3,5.0,7,233.41,216,239.85555555555553,239.85555555555553,239.85555555555553,-6.445555555555529,-2.687265483856014,18,1,0,[np.int64(8)],[]
Choice A,3,5.0,8,215.59,192,220.76,220.75799999999998,220.75900000000001,-5.169000000000011,-2.3414673920429117,10,1,0,[np.int64(5)],[]
Choice A,3,5.0,9,201.45,168,207.13384615384618,207.1353846153846,207.1346153846154,-5.684615384615398,-2.7444062761117882,26,1,0,[np.int64(3)],[]
Choice A,3,5.0,10,190.37,144,183.265,183.268125,183.2665625,7.1034375000000125,3.876013934620514,32,0,1,[],[np.int64(8)]
Choice A,3,5.0,11,86.84,120,93.72333333333331,93.71999999999998,93.72166666666665,-6.881666666666646,-7.3426635605427215,6,0,1,[],[np.int64(12)]
Choice A,3,5.0,12,97.34,96,95.27000000000002,95.27333333333333,95.27166666666669,2.068333333333314,2.1709847278834,6,0,1,[],[np.int64(6)]
Choice A,3,5.0,13,45.87,72,52.4825,52.4825,52.4825,-6.612500000000004,-12.599437907874062,8,0,1,[],[np.int64(1)]
Choice A,3,5.0,14,48.120000000000005,48,48.445,48.446666666666665,48.44583333333333,-0.3258333333333283,-0.6725724606519206,12,0,0,[],[]
Choice A,3,5.0,15,2.99,24,2.99,2.99,2.99,0.0,0.0,2,1,1,[np.int64(12)],[np.int64(9)]
Choice A,4,1.0,1,387.17,360,393.5157142857143,393.5157142857143,393.5157142857143,-6.34571428571428,-1.6125694744446566,14,1,1,[np.int64(1)],[np.int64(10)]
Choice A,4,1.0,2,436.31,336,432.1825,432.1825,432.1825,4.127499999999998,0.955036356168979,8,1,1,[np.int64(7)],[np.int64(12)]
Choice A,4,1.0,3,457.87,312,461.07666666666665,461.0733333333333,461.075,-3.204999999999984,-0.6951146776554756,6,1,0,[np.int64(5)],[]
Choice A,4,1.0,4,524.22,288,516.88,516.88,516.88,7.340000000000032,1.4200588144250177,4,1,1,[np.int64(4)],[np.int64(9)]
Choice A,4,1.0,5,631.87,264,631.87,631.87,631.87,0.0,0.0,2,1,1,[np.int64(5)],[np.int64(5)]
Choice A,4,1.0,6,510.2,240,512.5753846153846,512.5738461538461,512.5746153846153,-2.3746153846153106,-0.4632721389906317,26,0,0,[],[]
Choice A,4,1.0,7,381.38,216,381.80333333333334,381.805,381.8041666666666,-0.42416666666662195,-0.11109534774588771,24,1,0,[np.int64(5)],[]
Choice A,4,1.0,8,296.40000000000003,192,297.41,297.41,297.41,-1.009999999999991,-0.3395985340102858,4,1,0,[np.int64(12)],[]
Choice A,4,1.0,9,222.69,168,223.04,223.04250000000002,223.04125,-0.3512499999999932,-0.15748208010849704,8,1,0,[np.int64(12)],[]
Choice A,4,1.0,10,260.03000000000003,144,262.95,262.9533333333333,262.95166666666665,-2.9216666666666242,-1.1111040685550415,6,1,0,[np.int64(11)],[]
Choice A,4,1.0,11,328.57,120,329.6495238095238,329.6495238095238,329.6495238095238,-1.0795238095238346,-0.32747622294385564,42,0,0,[],[]
Choice A,4,1.0,12,201.23,96,200.11599999999999,200.11549999999997,200.11575,1.1142499999999984,0.5568027504082005,40,0,0,[],[]
Choice A,4,1.0,13,50.79,72,52.32588235294117,52.32705882352941,52.32647058823529,-1.5364705882352894,-2.936316114889542,34,0,1,[],[np.int64(9)]
Choice A,4,1.0,14,68.07000000000001,48,66.275,66.27269230769231,66.27384615384616,1.7961538461538424,2.7102001021402975,52,0,1,[],[np.int64(11)]
Choice A,4,1.0,15,22.34,24,17.407777777777778,17.40888888888889,17.408333333333335,4.931666666666665,28.329344183819998,18,0,1,[],[np.int64(2)]
Choice A,4,2.0,1,396.18,360,396.18,396.18,396.18,0.0,0.0,2,1,1,[np.int64(9)],[np.int64(9)]
Choice A,4,2.0,2,412.51,336,412.51,412.51,412.51,0.0,0.0,2,1,1,[np.int64(2)],[np.int64(2)]
Choice A,4,2.0,3,410.37,312,417.86083333333323,417.85999999999996,417.8604166666666,-7.49041666666659,-1.7925643032711103,24,1,0,[np.int64(7)],[]
Choice A,4,2.0,4,458.89,288,463.436,463.434,463.43500000000006,-4.545000000000073,-0.980720057829053,10,1,0,[np.int64(1)],[]
Choice A,4,2.0,5,522.24,264,539.1775,539.1800000000001,539.17875,-16.938750000000027,-3.141583380279736,16,1,0,[np.int64(5)],[]
Choice A,4,2.0,6,386.16,240,390.33000000000004,390.3275,390.32875,-4.168749999999989,-1.0680099787678947,8,1,1,[np.int64(11)],[np.int64(7)]
Choice A,4,2.0,7,414.91,216,414.91,414.91,414.91,0.0,0.0,2,1,1,[np.int64(2)],[np.int64(7)]
Choice A,4,2.0,8,266.39,192,266.4975,266.49625,266.496875,-0.10687500000000227,-0.040103659752108646,16,1,0,[np.int64(7)],[]
Choice A,4,2.0,9,292.53000000000003,168,290.74888888888887,290.74666666666667,290.7477777777778,1.7822222222222308,0.6129787941438389,18,1,0,[np.int64(11)],[]
Choice A,4,2.0,10,226.92,144,230.60857142857145,230.6057142857143,230.60714285714286,-3.6871428571428737,-1.5988849310825533,14,1,0,[np.int64(9)],[]
Choice A,4,2.0,11,227.95,120,233.7871428571429,233.78714285714284,233.7871428571429,-5.837142857142908,-2.4967766771972277,42,0,0,[],[]
Choice A,4,2.0,12,146.28,96,133.7334782608696,133.7317391304348,133.7326086956522,12.547391304347798,9.38244712843602,46,0,0,[],[]
Choice A,4,2.0,13,90.6,72,92.04382352941175,92.04470588235294,92.04426470588236,-1.444264705882361,-1.5690979883400176,68,0,0,[],[]
Choice A,4,2.0,14,20.83,48,20.83,6.9433333333333325,10.415,10.415,100.0,4,1,1,[np.int64(2)],[np.int64(6)]
Choice A,4,2.0,15,15.16,24,16.093333333333334,16.096666666666668,16.095,-0.9349999999999987,-5.809257533395456,6,0,1,[],[np.int64(6)]
Choice A,4,3.0,1,390.94,360,390.94,390.94,390.94,0.0,0.0,2,1,1,[np.int64(11)],[np.int64(11)]
Choice A,4,3.0,2,390.89,336,387.25499999999994,387.25499999999994,387.25499999999994,3.6350000000000477,0.9386579902131795,24,1,0,[np.int64(5)],[]
Choice A,4,3.0,3,370.64,312,369.77875,369.780625,369.7796875,0.8603124999999636,0.23265542404893821,32,1,0,[np.int64(8)],[]
Choice A,4,3.0,4,391.59,288,385.865,385.865,385.865,5.724999999999966,1.4836795252225432,8,1,0,[np.int64(2)],[]
Choice A,4,3.0,5,414.95,264,419.98,419.975,419.9775,-5.027500000000032,-1.1970879392348475,4,1,0,[np.int64(5)],[]
Choice A,4,3.0,6,296.58,240,293.44,293.43850000000003,293.43925,3.1407499999999686,1.070323755257679,40,0,0,[],[]
Choice A,4,3.0,7,283.56,216,281.58833333333337,281.59083333333336,281.58958333333334,1.9704166666666652,0.6997477120217805,24,1,0,[np.int64(1)],[]
Choice A,4,3.0,8,279.7,192,280.802,280.804,280.803,-1.1030000000000086,-0.3928020712029461,10,1,0,[np.int64(9)],[]
Choice A,4,3.0,9,296.37,168,297.43999999999994,297.44399999999996,297.44199999999995,-1.0719999999999459,-0.36040639855835627,20,1,0,[np.int64(7)],[]
Choice A,4,3.0,10,186.29,144,181.1769230769231,181.17615384615385,181.17653846153846,5.113461538461536,2.8223640775359335,26,1,0,[np.int64(5)],[]
Choice A,4,3.0,11,162.43,120,167.46206896551723,167.46034482758623,167.46120689655172,-5.0312068965517085,-3.0044014311085854,58,0,0,[],[]
Choice A,4,3.0,12,100.15,96,101.30199999999999,101.304,101.303,-1.1529999999999916,-1.138169649467431,20,0,0,[],[]
Choice A,4,3.0,13,87.77,72,77.92999999999999,77.93083333333333,77.93041666666666,9.839583333333337,12.62611410820551,24,0,0,[],[]
Choice A,4,3.0,14,22.26,48,33.048333333333325,33.05166666666667,33.05,-10.789999999999996,-32.64750378214825,12,1,1,[np.int64(6)],[np.int64(12)]
Choice A,4,3.0,15,1.99,24,13.348461538461539,13.350000000000001,13.34923076923077,-11.35923076923077,-85.09277400023049,52,0,1,[],[np.int64(4)]
Choice A,4,4.0,1,394.28,360,388.06,388.06,388.06,6.21999999999997,1.602844920888515,6,1,1,[np.int64(5)],[np.int64(3)]
Choice A,4,4.0,2,357.74,336,367.22249999999997,367.22499999999997,367.22375,-9.483749999999986,-2.5825535521599536,8,1,0,[np.int64(7)],[]
Choice A,4,4.0,3,334.03000000000003,312,336.76666666666665,336.76666666666665,336.76666666666665,-2.736666666666622,-0.8126299119073411,6,1,1,[np.int64(1)],[np.int64(3)]
Choice A,4,4.0,4,336.40000000000003,288,339.945,339.94375,339.94437500000004,-3.5443750000000023,-1.0426338132525363,16,1,0,[np.int64(7)],[]
Choice A,4,4.0,5,347.44,264,348.0075,348.00875,348.008125,-0.5681250000000091,-0.16325049882097123,16,1,0,[np.int64(1)],[]
Choice A,4,4.0,6,324.51,240,332.60571428571427,332.60642857142864,332.60607142857145,-8.096071428571463,-2.434132183395855,28,0,0,[],[]
Choice A,4,4.0,7,295.15000000000003,216,299.80250000000007,299.80499999999995,299.80375000000004,-4.653750000000002,-1.5522654403088694,40,0,0,[],[]
Choice A,4,4.0,8,275.43,192,270.535,270.53361111111116,270.5343055555556,4.895694444444416,1.8096390527592665,72,0,0,[],[]
Choice A,4,4.0,9,260.58,168,259.18375000000003,259.181875,259.1828125,1.3971874999999727,0.5390741332432962,32,0,0,[],[]
Choice A,4,4.0,10,154.25,144,154.25222222222223,154.25444444444443,154.25333333333333,-0.0033333333333303017,-0.0021609473593203615,18,1,0,[np.int64(6)],[]
Choice A,4,4.0,11,145.15,120,139.95153846153846,139.9530769230769,139.9523076923077,5.197692307692307,3.713902538227307,26,0,0,[],[]
Choice A,4,4.0,12,125.43,96,125.25750000000001,125.25874999999999,125.258125,0.171875,0.1372166476226592,16,1,0,[np.int64(12)],[]
Choice A,4,4.0,13,57.34,72,62.17111111111111,62.17222222222222,62.17166666666666,-4.831666666666656,-7.771492909417457,18,1,1,[np.int64(3)],[np.int64(10)]
Choice A,4,4.0,14,23.98,48,29.070000000000004,29.070000000000004,29.070000000000004,-5.090000000000003,-17.509459924320613,6,1,1,[np.int64(2)],[np.int64(11)]
Choice A,4,4.0,15,15.7,24,10.92888888888889,10.931111111111111,10.93,4.77,43.64135407136322,18,0,1,[],[np.int64(12)]
Choice A,4,5.0,1,389.63,360,378.65999999999997,378.65999999999997,378.65999999999997,10.970000000000027,2.897058046796606,8,1,1,[np.int64(8)],[np.int64(12)]
Choice A,4,5.0,2,343.54,336,346.32,346.321,346.3205,-2.780499999999961,-0.8028690187268617,20,1,1,[np.int64(4)],[np.int64(11)]
Choice A,4,5.0,3,317.58,312,317.015,317.015,317.015,0.5649999999999977,0.17822500512593972,4,1,1,[np.int64(11)],[np.int64(8)]
Choice A,4,5.0,4,312.57,288,315.3957142857143,315.39285714285717,315.39428571428573,-2.824285714285736,-0.8954777693227594,14,1,0,[np.int64(5)],[]
Choice A,4,5.0,5,322.27,264,312.6907692307692,312.69153846153847,312.69115384615384,9.578846153846143,3.063356937356469,26,1,0,[np.int64(4)],[]
Choice A,4,5.0,6,298.48,240,283.48875000000004,283.4870833333334,283.4879166666667,14.992083333333312,5.288438219735989,48,0,0,[],[]
Choice A,4,5.0,7,252.82,216,243.53454545454545,243.53272727272727,243.53363636363636,9.286363636363632,3.813174958098002,22,1,0,[np.int64(6)],[]
Choice A,4,5.0,8,221.51,192,221.865,221.865,221.865,-0.3550000000000182,-0.16000721159264336,12,0,0,[],[]
Choice A,4,5.0,9,212.68,168,211.01782608695652,211.01478260869567,211.0163043478261,1.6636956521739137,0.7884204290828549,46,0,0,[],[]
Choice A,4,5.0,10,145.39,144,143.22428571428568,143.22571428571428,143.22499999999997,2.1650000000000205,1.5116076104032266,14,0,1,[],[np.int64(1)]
Choice A,4,5.0,11,135.21,120,128.262,128.262,128.262,6.9480000000000075,5.417037002385747,10,0,0,[],[]
Choice A,4,5.0,12,107.03,96,110.23857142857143,110.2357142857143,110.23714285714287,-3.2071428571428697,-2.909312391467756,14,0,0,[],[]
Choice A,4,5.0,13,53.84,72,57.326666666666675,57.326666666666675,57.326666666666675,-3.4866666666666717,-6.0821025700662945,6,1,1,[np.int64(9)],[np.int64(5)]
Choice A,4,5.0,14,38.15,48,41.106,41.10600000000001,41.10600000000001,-2.95600000000001,-7.191164306913855,10,0,1,[],[np.int64(9)]
Choice A,4,5.0,15,1.0,24,3.4933333333333336,3.4916666666666667,3.4924999999999997,-2.4924999999999997,-71.36721546170365,24,0,5,[],"[np.int64(2), np.int64(4), np.int64(8), np.int64(11), np.int64(12)]"
Choice A,5,1.0,1,401.17,360,401.17,401.17,401.17,0.0,0.0,2,1,1,[np.int64(12)],[np.int64(12)]
Choice A,5,1.0,2,434.32,336,434.32,434.32,434.32,0.0,0.0,2,1,1,[np.int64(6)],[np.int64(6)]
Choice A,5,1.0,3,450.6,312,450.6,450.6,450.6,0.0,0.0,2,1,1,[np.int64(2)],[np.int64(2)]
Choice A,5,1.0,4,532.08,288,532.08,532.08,532.08,0.0,0.0,2,1,1,[np.int64(9)],[np.int64(9)]
Choice A,5,1.0,5,473.07,264,473.07,473.07,473.07,0.0,0.0,2,1,1,[np.int64(8)],[np.int64(8)]
Choice A,5,1.0,6,562.86,240,562.86,562.86,562.86,0.0,0.0,2,1,1,[np.int64(1)],[np.int64(1)]
Choice A,5,1.0,7,419.79,216,413.28666666666663,413.28583333333336,413.28624999999994,6.503750000000082,1.573667161682752,24,1,0,[np.int64(6)],[]
Choice A,5,1.0,8,325.93,192,322.92249999999996,322.92249999999996,322.92249999999996,3.00750000000005,0.9313380145391079,32,0,0,[],[]
Choice A,5,1.0,9,381.4,168,382.3399999999999,382.3411111111111,382.3405555555555,-0.9405555555555338,-0.24599942169066277,18,1,0,[np.int64(2)],[]
Choice A,5,1.0,10,284.27,144,296.1525,296.15333333333336,296.15291666666667,-11.882916666666688,-4.012426013025372,24,1,0,[np.int64(3)],[]
Choice A,5,1.0,11,207.9,120,210.14000000000001,210.14000000000001,210.14000000000001,-2.240000000000009,-1.065956029313795,40,0,0,[],[]
Choice A,5,1.0,12,146.87,96,143.58074074074074,143.58259259259262,143.58166666666668,3.288333333333327,2.290218110482996,54,0,0,[],[]
Choice A,5,1.0,13,89.07000000000001,72,106.07894736842107,106.0784210526316,106.07868421052633,-17.008684210526326,-16.034026380616183,38,0,0,[],[]
Choice A,5,1.0,14,46.56,48,48.07,48.07,48.07,-1.509999999999998,-3.1412523403370045,6,0,1,[],[np.int64(1)]
Choice A,5,1.0,15,37.15,24,25.59090909090909,25.59,25.590454545454545,11.559545454545454,45.171317430149735,22,0,1,[],[np.int64(10)]
Choice A,5,2.0,1,387.26,360,387.26,387.26,387.26,0.0,0.0,2,1,1,[np.int64(5)],[np.int64(5)]
Choice A,5,2.0,2,403.3,336,403.3,403.3,403.3,0.0,0.0,2,1,1,[np.int64(4)],[np.int64(4)]
Choice A,5,2.0,3,423.22,312,423.22,423.22,423.22,0.0,0.0,2,1,1,[np.int64(8)],[np.int64(8)]
Choice A,5,2.0,4,441.51,288,448.8225,448.82124999999996,448.821875,-7.311874999999986,-1.629126254151491,16,1,0,[np.int64(2)],[]
Choice A,5,2.0,5,509.27,264,511.6000000000001,511.59999999999997,511.6000000000001,-2.3300000000000978,-0.4554339327599878,6,1,0,[np.int64(10)],[]
Choice A,5,2.0,6,343.44,240,353.9942857142857,353.9928571428572,353.99357142857144,-10.553571428571445,-2.9812890064589594,14,1,0,[np.int64(6)],[]
Choice A,5,2.0,7,390.04,216,383.86,383.86199999999997,383.861,6.1790000000000305,1.6096972602061763,10,1,0,[np.int64(12)],[]
Choice A,5,2.0,8,388.29,192,384.49150000000003,384.49350000000004,384.4925,3.7975000000000136,0.9876655591461508,40,1,0,[np.int64(8)],[]
Choice A,5,2.0,9,441.45,168,441.00999999999993,441.00857142857143,441.0092857142857,0.44071428571430715,0.09993310798444965,14,1,0,[np.int64(4)],[]
Choice A,5,2.0,10,298.88,144,292.6938461538462,292.6942307692307,292.69403846153847,6.185961538461527,2.1134566221356077,52,0,0,[],[]
Choice A,5,2.0,11,150.15,120,147.228,147.228,147.228,2.921999999999997,1.9846768277773228,20,0,0,[],[]
Choice A,5,2.0,12,160.06,96,157.9932142857143,157.99428571428572,157.99375000000003,2.066249999999968,1.3078048973456025,56,0,0,[],[]
Choice A,5,2.0,13,101.03,72,101.03,101.03,101.03,0.0,0.0,2,1,1,[np.int64(9)],[np.int64(9)]
Choice A,5,2.0,14,13.94,48,13.94,6.97,9.293333333333333,4.6466666666666665,50.0,3,1,1,[np.int64(11)],[np.int64(11)]
Choice A,5,2.0,15,21.57,24,21.57,21.57,21.57,0.0,0.0,2,1,1,[np.int64(11)],[np.int64(11)]
Choice A,5,3.0,1,398.28,360,398.28,398.28,398.28,0.0,0.0,2,1,1,[np.int64(1)],[np.int64(1)]
Choice A,5,3.0,2,392.1,336,392.1,392.1,392.1,0.0,0.0,2,1,1,[np.int64(10)],[np.int64(10)]
Choice A,5,3.0,3,378.13,312,377.02,377.0175,377.01874999999995,1.111250000000041,0.2947466140609826,16,1,0,[np.int64(5)],[]
Choice A,5,3.0,4,362.85,288,366.2166666666667,366.2166666666667,366.2166666666667,-3.3666666666666742,-0.9193100623492487,6,1,1,[np.int64(10)],[np.int64(12)]
Choice A,5,3.0,5,377.56,264,387.76833333333326,387.77,387.76916666666665,-10.209166666666647,-2.6327948543269897,12,1,0,[np.int64(4)],[]
Choice A,5,3.0,6,399.92,240,199.81,397.11,298.46000000000004,101.45999999999998,33.99450512631507,4,1,0,[np.int64(3)],[]
Choice A,5,3.0,7,244.31,216,247.9829411764706,247.98470588235293,247.98382352941178,-3.673823529411777,-1.4814770887569804,34,0,0,[],[]
Choice A,5,3.0,8,251.5,192,251.3969230769231,251.39923076923077,251.39807692307693,0.10192307692307168,0.040542504608839236,26,1,0,[np.int64(3)],[]
Choice A,5,3.0,9,249.16,168,256.4147619047619,256.41285714285715,256.41380952380956,-7.253809523809565,-2.828946513169762,42,1,0,[np.int64(7)],[]
Choice A,5,3.0,10,176.43,144,176.43,176.43,176.43,0.0,0.0,2,1,1,[np.int64(2)],[np.int64(2)]
Choice A,5,3.0,11,166.13,120,166.11200000000002,166.10966666666667,166.11083333333335,0.019166666666649235,0.011538480833569495,60,0,0,[],[]
Choice A,5,3.0,12,119.21,96,108.152,108.152,108.152,11.057999999999993,10.224498853465485,20,0,0,[],[]
Choice A,5,3.0,13,73.84,72,79.46777777777778,79.46666666666667,79.46722222222223,-5.62722222222223,-7.081186512957832,18,0,0,[],[]
Choice A,5,3.0,14,32.55,48,28.156666666666666,28.16,28.15833333333333,4.391666666666666,15.596330275229356,12,0,1,[],[np.int64(4)]
Choice A,5,3.0,15,21.53,24,19.59090909090909,19.59363636363636,19.592272727272725,1.937727272727276,9.890262858733749,22,0,1,[],[np.int64(8)]
Choice A,5,4.0,1,383.74,360,374.6000000000001,374.59999999999997,374.6000000000001,9.13999999999993,2.4399359316604188,6,1,1,[np.int64(6)],[np.int64(1)]
Choice A,5,4.0,2,361.74,336,361.74,361.74,361.74,0.0,0.0,2,1,1,[np.int64(4)],[np.int64(4)]
Choice A,5,4.0,3,345.22,312,341.23,341.225,341.2275,3.992500000000007,1.1700405154918658,4,1,0,[np.int64(5)],[]
Choice A,5,4.0,4,335.18,288,336.79333333333335,336.79333333333335,336.79333333333335,-1.613333333333344,-0.4790276925513205,12,1,1,[np.int64(7)],[np.int64(11)]
Choice A,5,4.0,5,340.65000000000003,264,342.822,342.822,342.822,-2.1719999999999686,-0.6335649404063824,10,1,0,[np.int64(2)],[]
Choice A,5,4.0,6,323.72,240,322.1042857142857,322.1028571428572,322.10357142857146,1.616428571428571,0.5018350353147278,14,1,0,[np.int64(3)],[]
Choice A,5,4.0,7,288.95,216,291.9653846153846,291.9646153846154,291.96500000000003,-3.015000000000043,-1.0326580240782433,26,1,0,[np.int64(5)],[]
Choice A,5,4.0,8,268.69,192,267.22999999999996,267.22999999999996,267.22999999999996,1.4600000000000364,0.5463458444037109,26,1,1,[np.int64(5)],[np.int64(12)]
Choice A,5,4.0,9,179.84,168,173.30666666666664,173.3083333333333,173.30749999999998,6.532500000000027,3.769311772427638,12,1,0,[np.int64(8)],[]
Choice A,5,4.0,10,183.14,144,183.14,183.14,183.14,0.0,0.0,2,1,1,[np.int64(4)],[np.int64(6)]
Choice A,5,4.0,11,164.52,120,156.21545454545455,156.21727272727273,156.21636363636364,8.303636363636372,5.315471548784325,22,1,0,[np.int64(6)],[]
Choice A,5,4.0,12,93.24,96,84.505,84.505,84.505,8.735,10.336666469439677,12,0,1,[],[np.int64(1)]
Choice A,5,4.0,13,60.48,72,62.48333333333333,62.48666666666667,62.48499999999999,-2.0049999999999955,-3.208770104825151,6,1,1,[np.int64(7)],[np.int64(2)]
Choice A,5,4.0,14,50.48,48,46.927,46.92700000000001,46.927,3.5529999999999973,7.571334199927541,20,1,0,[np.int64(10)],[]
Choice A,5,4.0,15,3.11,24,3.11,1.555,2.0733333333333333,1.0366666666666666,50.0,3,1,1,[np.int64(6)],[np.int64(6)]
Choice A,5,5.0,1,374.94,360,376.63,376.63,376.63,-1.6899999999999977,-0.44871624671428134,4,1,1,[np.int64(6)],[np.int64(3)]
Choice A,5,5.0,2,348.69,336,350.975,350.975,350.975,-2.285000000000025,-0.651043521618356,4,1,1,[np.int64(12)],[np.int64(8)]
Choice A,5,5.0,3,310.47,312,317.5,317.4975,317.49875,-7.028749999999945,-2.213788243260783,8,1,0,[np.int64(2)],[]
Choice A,5,5.0,4,305.95,288,308.61153846153843,308.61,308.6107692307692,-2.660769230769233,-0.8621764034357451,26,1,0,[np.int64(3)],[]
Choice A,5,5.0,5,319.77,264,321.32666666666665,321.32444444444445,321.3255555555556,-1.5555555555555998,-0.4841057701950046,18,1,0,[np.int64(4)],[]
Choice A,5,5.0,6,279.47,240,279.35999999999996,279.36,279.35999999999996,0.11000000000007049,0.03937571592213291,24,1,0,[np.int64(6)],[]
Choice A,5,5.0,7,240.52,216,238.21666666666667,238.21333333333337,238.215,2.305000000000007,0.967613290514874,6,1,0,[np.int64(4)],[]
Choice A,5,5.0,8,222.88,192,223.55999999999997,223.56,223.55999999999997,-0.6799999999999784,-0.30416890320271,30,2,0,"[np.int64(1), np.int64(11)]",[]
Choice A,5,5.0,9,220.61,168,215.60599999999997,215.60600000000002,215.60600000000002,5.003999999999991,2.3209001604779043,30,0,0,[],[]
Choice A,5,5.0,10,135.36,144,135.70285714285714,135.70285714285714,135.70285714285714,-0.34285714285712743,-0.2526528549772499,14,0,1,[],[np.int64(6)]
Choice A,5,5.0,11,119.09,120,120.838,120.83800000000001,120.83800000000001,-1.7480000000000047,-1.446564822324107,20,1,1,[np.int64(10)],[np.int64(1)]
Choice A,5,5.0,12,106.98,96,104.06333333333333,104.065,104.06416666666667,2.915833333333339,2.801957125811804,12,0,1,[],[np.int64(10)]
Choice A,5,5.0,13,47.42,72,37.627777777777766,37.628888888888895,37.62833333333333,9.791666666666671,26.022057846480944,18,0,1,[],[np.int64(6)]
Choice A,5,5.0,14,62.75,48,52.715,52.71333333333333,52.714166666666664,10.035833333333336,19.038209210047906,12,0,1,[],[np.int64(7)]
Choice A,5,5.0,15,10.08,24,4.655833333333334,4.656666666666667,4.65625,5.42375,116.48322147651007,24,0,1,[],[np.int64(8)]
Choice A,6,1.0,1,400.44,360,400.44,400.44,400.44,0.0,0.0,2,1,1,[np.int64(7)],[np.int64(7)]
Choice A,6,1.0,2,436.2,336,436.2,436.2,436.2,0.0,0.0,2,1,1,[np.int64(7)],[np.int64(7)]
Choice A,6,1.0,3,485.86,312,485.86,485.86,485.86,0.0,0.0,2,1,1,[np.int64(7)],[np.int64(7)]
Choice A,6,1.0,4,587.69,288,587.69,587.69,587.69,0.0,0.0,2,1,1,[np.int64(2)],[np.int64(2)]
Choice A,6,1.0,5,488.09,264,488.09,488.09,488.09,0.0,0.0,2,1,1,[np.int64(10)],[np.int64(10)]
Choice A,6,1.0,6,598.28,240,598.28,598.28,598.28,0.0,0.0,2,1,1,[np.int64(7)],[np.int64(7)]
Choice A,6,1.0,7,460.29,216,460.29,460.29,460.29,0.0,0.0,2,1,1,[np.int64(8)],[np.int64(8)]
Choice A,6,1.0,8,305.03000000000003,192,306.73,306.72999999999996,306.73,-1.6999999999999886,-0.5542333648485601,24,1,0,[np.int64(2)],[]
Choice A,6,1.0,9,343.47,168,338.325,338.3225,338.32375,5.146250000000009,1.5211021987076014,8,1,0,[np.int64(6)],[]
Choice A,6,1.0,10,273.32,144,272.48,272.481,272.4805,0.8394999999999868,0.3080954416921529,20,1,0,[np.int64(2)],[]
Choice A,6,1.0,11,316.32,120,324.1847826086956,324.18652173913046,324.18565217391307,-7.865652173913077,-2.4262801642108016,46,0,0,[],[]
Choice A,6,1.0,12,212.63,96,215.08294117647057,215.085294117647,215.08411764705878,-2.45411764705878,-1.141003656572101,34,1,0,[np.int64(2)],[]
Choice A,6,1.0,13,28.22,72,33.57583333333334,33.572916666666664,33.574375,-5.3543750000000045,-15.94780245350808,48,0,0,[],[]
Choice A,6,1.0,14,55.75,48,53.349999999999994,53.35062500000001,53.3503125,2.399687499999999,4.497982087733786,32,0,0,[],[]
Choice A,6,1.0,15,20.25,24,24.340666666666667,24.342000000000002,24.341333333333335,-4.091333333333335,-16.808172655565297,30,0,0,[],[]
Choice A,6,2.0,1,377.14,360,388.9671428571428,388.9671428571429,388.96714285714285,-11.82714285714286,-3.0406534521828883,14,1,1,[np.int64(4)],[np.int64(5)]
Choice A,6,2.0,2,415.77,336,407.91400000000004,407.91599999999994,407.91499999999996,7.855000000000018,1.9256462743463758,20,1,0,[np.int64(5)],[]
Choice A,6,2.0,3,407.25,312,402.3375,402.3375,402.3375,4.912500000000023,1.2209898406188893,8,1,1,[np.int64(12)],[np.int64(5)]
Choice A,6,2.0,4,436.24,288,436.02142857142854,436.02285714285716,436.0221428571428,0.2178571428572127,0.049964697074705876,14,1,1,[np.int64(4)],[np.int64(12)]
Choice A,6,2.0,5,349.06,264,345.5,345.5,345.5,3.5600000000000023,1.030390738060782,8,1,0,[np.int64(2)],[]
Choice A,6,2.0,6,398.83,240,404.4385714285714,404.4385714285714,404.4385714285714,-5.608571428571395,-1.3867548312122189,14,1,0,[np.int64(2)],[]
Choice A,6,2.0,7,432.6,216,441.80533333333335,441.8059999999999,441.8056666666666,-9.20566666666656,-2.0836461279732856,30,1,0,[np.int64(6)],[]
Choice A,6,2.0,8,277.48,192,279.36583333333334,279.3641666666667,279.365,-1.884999999999991,-0.6747445098705961,24,1,0,[np.int64(9)],[]
Choice A,6,2.0,9,217.03,168,211.82176470588237,211.8223529411765,211.82205882352943,5.20794117647057,2.458639673977178,34,0,0,[],[]
Choice A,6,2.0,10,216.54,144,227.53,227.52666666666664,227.52833333333334,-10.988333333333344,-4.82943516192123,12,1,0,[np.int64(4)],[]
Choice A,6,2.0,11,241.06,120,241.50142857142853,241.49857142857147,241.5,-0.4399999999999977,-0.18219461697722472,56,1,0,[np.int64(1)],[]
Choice A,6,2.0,12,129.72,96,137.19,137.19000000000003,137.19000000000003,-7.470000000000027,-5.445003280122477,6,1,0,[np.int64(11)],[]
Choice A,6,2.0,13,102.2,72,99.1675,99.16874999999999,99.16812499999999,3.0318750000000136,3.0573079807650028,48,0,0,[],[]
Choice A,6,2.0,14,27.67,48,21.2,21.2,21.2,6.470000000000002,30.518867924528315,24,0,1,[],[np.int64(6)]
Choice A,6,2.0,15,5.51,24,7.29,7.2891666666666675,7.289583333333334,-1.779583333333334,-24.412689339811383,24,0,1,[],[np.int64(2)]
Choice A,6,3.0,1,389.87,360,389.21399999999994,389.214,389.21399999999994,0.6560000000000628,0.16854481082388167,10,1,1,[np.int64(11)],[np.int64(3)]
Choice A,6,3.0,2,371.77,336,380.0566666666667,380.0566666666667,380.0566666666667,-8.28666666666669,-2.180376610505457,6,1,1,[np.int64(4)],[np.int64(7)]
Choice A,6,3.0,3,371.72,312,367.68,367.68,367.68,4.0400000000000205,1.0987815491731996,4,1,0,[np.int64(10)],[]
Choice A,6,3.0,4,366.67,288,366.67,366.67,366.67,0.0,0.0,2,1,1,[np.int64(12)],[np.int64(8)]
Choice A,6,3.0,5,386.6,264,384.212,384.21299999999997,384.2125,2.3875000000000455,0.6214009174610523,20,1,0,[np.int64(12)],[]
Choice A,6,3.0,6,393.77,240,397.03833333333336,397.0416666666667,397.03999999999996,-3.269999999999982,-0.8235946000402937,12,1,0,[np.int64(1)],[]
Choice A,6,3.0,7,377.55,216,371.1375,371.1375,371.1375,6.412500000000023,1.727796301909676,8,1,1,[np.int64(12)],[np.int64(11)]
Choice A,6,3.0,8,350.3,192,347.31636363636363,347.31545454545454,347.31590909090914,2.9840909090908667,0.8591863577172872,22,1,0,[np.int64(12)],[]
Choice A,6,3.0,9,205.0,168,209.91000000000003,209.91117647058823,209.9105882352941,-4.910588235294114,-2.339371385015467,34,1,0,[np.int64(7)],[]
Choice A,6,3.0,10,212.71,144,219.22842105263157,219.22578947368422,219.2271052631579,-6.517105263157902,-2.972764364759931,38,0,0,[],[]
Choice A,6,3.0,11,134.03,120,134.49,134.485,134.4875,-0.45750000000001023,-0.34018031415559824,4,1,0,[np.int64(9)],[]
Choice A,6,3.0,12,126.46,96,124.15,124.155,124.1525,2.3074999999999903,1.8586013169287694,4,1,0,[np.int64(3)],[]
Choice A,6,3.0,13,35.32,72,33.26916666666666,33.26916666666667,33.26916666666667,2.0508333333333297,6.16436640533025,24,0,1,[],[np.int64(12)]
Choice A,6,3.0,14,52.14,48,46.016363636363636,46.014545454545456,46.015454545454546,6.124545454545455,13.309757591323073,22,0,0,[],[]
Choice A,6,3.0,15,20.34,24,14.145,14.145,14.145,6.195,43.79639448568399,44,0,1,[],[np.int64(1)]
Choice A,6,4.0,1,380.11,360,385.46400000000006,385.464,385.46400000000006,-5.354000000000042,-1.3889753647552148,10,1,1,[np.int64(3)],[np.int64(9)]
Choice A,6,4.0,2,369.05,336,370.6875,370.6875,370.6875,-1.6374999999999886,-0.44174675434159194,8,1,1,[np.int64(7)],[np.int64(7)]
Choice A,6,4.0,3,341.06,312,344.03,344.03,344.03,-2.9699999999999704,-0.8632968055111387,6,1,1,[np.int64(11)],[np.int64(11)]
Choice A,6,4.0,4,341.31,288,336.5842857142857,336.5814285714286,336.5828571428571,4.727142857142894,1.4044514617500365,14,1,0,[np.int64(11)],[]
Choice A,6,4.0,5,337.19,264,340.04666666666674,340.04799999999994,340.0473333333333,-2.8573333333333153,-0.8402751773772619,30,1,0,[np.int64(11)],[]
Choice A,6,4.0,6,327.69,240,327.82,327.82,327.82,-0.12999999999999545,-0.039655908730399446,4,1,0,[np.int64(5)],[]
Choice A,6,4.0,7,276.78000000000003,216,282.84769230769234,282.8492307692308,282.8484615384616,-6.068461538461577,-2.14548154352835,26,0,1,[],[np.int64(2)]
Choice A,6,4.0,8,184.53,192,183.76200000000003,183.76100000000002,183.7615,0.7684999999999889,0.41820511913539493,20,0,0,[],[]
Choice A,6,4.0,9,186.63,168,187.16,187.16,187.16,-0.5300000000000011,-0.2831801667022874,14,1,0,[np.int64(1)],[]
Choice A,6,4.0,10,168.4,144,181.0358620689655,181.03517241379308,181.0355172413793,-12.63551724137929,-6.979579164309527,58,0,0,[],[]
Choice A,6,4.0,11,162.62,120,159.30249999999998,159.304,159.30325,3.316750000000013,2.08203536337144,40,1,0,[np.int64(12)],[]
Choice A,6,4.0,12,133.51,96,129.36264705882354,129.36117647058822,129.3619117647059,4.148088235294097,3.2065761696835318,68,0,0,[],[]
Choice A,6,4.0,13,19.71,72,22.124166666666664,22.124166666666667,22.124166666666667,-2.4141666666666666,-10.91189875324871,24,0,1,[],[np.int64(6)]
Choice A,6,4.0,14,37.76,48,44.4,44.402,44.400999999999996,-6.640999999999998,-14.956870340758089,10,1,1,[np.int64(8)],[np.int64(1)]
Choice A,6,4.0,15,1.0,24,8.565,8.568333333333333,8.566666666666668,-7.566666666666668,-88.32684824902724,12,0,1,[],[np.int64(10)]
Choice A,6,5.0,1,369.99,360,373.0475,373.0475,373.0475,-3.0575000000000045,-0.8196007210877984,8,1,1,[np.int64(9)],[np.int64(9)]
Choice A,6,5.0,2,348.31,336,347.86571428571426,347.86571428571426,347.86571428571426,0.4442857142857406,0.1277175921743277,14,1,0,[np.int64(12)],[]
Choice A,6,5.0,3,326.02,312,327.75,327.7475,327.74875,-1.728749999999991,-0.5274619659113852,8,1,1,[np.int64(12)],[np.int64(3)]
Choice A,6,5.0,4,324.29,288,316.2914285714286,316.29,316.2907142857143,7.999285714285747,2.529092810185938,28,0,0,[],[]
Choice A,6,5.0,5,321.18,264,315.6290909090909,315.6245454545455,315.62681818181824,5.55318181818177,1.759413807157171,22,0,0,[],[]
Choice A,6,5.0,6,291.93,240,290.5725,290.57125,290.571875,1.3581250000000296,0.467397266166944,16,1,0,[np.int64(4)],[]
Choice A,6,5.0,7,236.39,216,241.37800000000001,241.377,241.3775,-4.987500000000011,-2.066265496991232,20,1,0,[np.int64(11)],[]
Choice A,6,5.0,8,209.71,192,215.98,215.97857142857143,215.9792857142857,-6.269285714285701,-2.9027254597828436,14,1,0,[np.int64(12)],[]
Choice A,6,5.0,9,204.55,168,205.83379310344827,205.83137931034483,205.83258620689656,-1.2825862068965534,-0.6231210667524418,58,0,0,[],[]
Choice A,6,5.0,10,196.34,144,186.23,186.2266666666667,186.22833333333332,10.111666666666679,5.429714418679585,6,1,0,[np.int64(2)],[]
Choice A,6,5.0,11,154.54,120,154.51454545454544,154.51545454545456,154.515,0.025000000000005684,0.016179658932793377,22,0,0,[],[]
Choice A,6,5.0,12,122.31,96,121.4625,121.45875,121.460625,0.8493750000000091,0.6993006993007068,16,1,1,[np.int64(5)],[np.int64(6)]
Choice A,6,5.0,13,52.77,72,52.214,52.215999999999994,52.214999999999996,0.5550000000000068,1.062912956047126,10,0,1,[],[np.int64(12)]
Choice A,6,5.0,14,40.18,48,39.724000000000004,39.724000000000004,39.724000000000004,0.45599999999999596,1.1479206525022554,10,0,0,[],[]
Choice A,6,5.0,15,9.71,24,2.439166666666667,2.438333333333334,2.43875,7.27125,298.1547924141466,24,0,1,[],[np.int64(10)]
